TID,item
145755,The Fault in Our Stars
145755,Boyhood
145755,Big Hero 6
145755,The Imitation Game
145755,Inside Out
117070,Inside Out
239040,Inside Out
177796,Gone Girl
177796,Magic Mike XXL
126875,The Imitation Game
126875,Inside Out
55295,The Imitation Game
55295,Inside Out
92094,The Fault in Our Stars
92094,Boyhood
92094,Gone Girl
92094,Teenage Mutant Ninja Turtles
92094,Fury
92094,Big Hero 6
92094,The Imitation Game
92094,Inside Out
92094,The Hunger Games: Mockingjay - Part 2
92094,Victor Frankenstein
92094,The Big Short
92094,Sisters
218962,Gone Girl
218962,The Imitation Game
218962,Wanderers
218962,Big Eyes
22260,Gone Girl
22260,The Imitation Game
87969,Leviathan
3999,Gone Girl
19408,In the Heart of the Sea
19408,Inside Out
19408,The Hunger Games: Mockingjay - Part 2
19408,Victor Frankenstein
19408,Sisters
145687,Inside Out
182584,Gone Girl
130649,Gone Girl
110312,The Imitation Game
110312,Inside Out
214091,Boyhood
214091,Gone Girl
69391,The Fault in Our Stars
4738,The Imitation Game
230426,Gone Girl
230426,Big Hero 6
230426,The Imitation Game
6798,Louis C.K.: Live at The Comedy Store
6798,Inside Out
4938,Gone Girl
4938,Fury
4938,The Imitation Game
4938,Wild Tales
165357,Gone Girl
165357,Web Junkie
55581,Big Hero 6
98461,Gone Girl
98461,The Imitation Game
121896,Calvary
121896,The Fault in Our Stars
121896,Gone Girl
121896,Laggies
121896,Big Hero 6
121896,The Imitation Game
121896,Wild Card
243356,Transformers: Age of Extinction
243356,Fury
243356,Wild Card
204885,Transformers: Age of Extinction
204885,Big Hero 6
204885,Inside Out
128909,Big Hero 6
128909,The Imitation Game
12011,Inside Out
125730,The Big Short
227234,Stage Fright
105996,The Fault in Our Stars
105996,The Best of Me
42585,Big Hero 6
42585,Inside Out
9529,Inside Out
244664,The Imitation Game
60008,Fury
60008,The Imitation Game
64050,Gone Girl
64050,Big Hero 6
191042,The Fault in Our Stars
146493,Inside Out
208080,Mr. Peabody & Sherman
208080,Big Hero 6
113170,Big Hero 6
113170,The Imitation Game
167040,Inside Out
36445,Gone Girl
36445,Big Hero 6
36445,The Imitation Game
49167,Inside Out
80111,Fury
80111,Big Eyes
152602,The Imitation Game
168087,The Voices
210792,Inside Out
159840,Boyhood
159840,Transformers: Age of Extinction
187536,Gone Girl
187536,The Imitation Game
187536,Wild Tales
187536,Inside Out
163299,Louis C.K.: Live at The Comedy Store
160895,Boyhood
84691,Inside Out
151557,Magic in the Moonlight
152735,The Fault in Our Stars
152735,Gone Girl
173492,The Imitation Game
26191,Gone Girl
26191,Fury
26191,The Imitation Game
26191,Wild Tales
26191,Inside Out
26191,The Big Short
122817,Big Hero 6
168267,The Imitation Game
41162,The Imitation Game
6802,The Fault in Our Stars
125244,Gone Girl
10096,Gone Girl
10096,Big Hero 6
10096,The Imitation Game
123961,Leviathan
123961,Wild Tales
232001,The Fault in Our Stars
232001,Boyhood
232001,Gone Girl
241916,The Fault in Our Stars
202380,Boyhood
202380,Gone Girl
202380,Magic in the Moonlight
202380,Blind
202380,Leviathan
202380,Inside Out
202380,The Big Short
123700,Gone Girl
123700,The Imitation Game
99735,Inside Out
212033,Gett: The Trial of Viviane Amsalem
37171,Big Hero 6
37171,The Imitation Game
37171,Inside Out
94839,Big Hero 6
94839,Inside Out
20256,Big Eyes
20256,Inside Out
222317,Transformers: Age of Extinction
44424,Gone Girl
44424,The Imitation Game
232131,Transformers: Age of Extinction
30252,Gone Girl
30252,The Imitation Game
30252,The Price of Gold
78715,The Fault in Our Stars
78715,Gone Girl
78715,Fury
78715,Big Hero 6
78715,Inside Out
109289,Fury
109289,Big Hero 6
175887,Gone Girl
175887,Big Hero 6
175887,The Imitation Game
40560,Inside Out
179859,Fury
207601,Big Hero 6
136604,Fury
136604,The Imitation Game
111300,The Imitation Game
111300,Wild Tales
111300,Inside Out
8389,The Imitation Game
181970,The Imitation Game
8547,The Imitation Game
8547,Inside Out
6573,The Fault in Our Stars
6573,Boyhood
6573,Gone Girl
6573,Annie
196303,The Imitation Game
196303,Inside Out
199832,Gone Girl
199832,Big Hero 6
199832,The Imitation Game
170329,Boyhood
170329,Gone Girl
170329,The Imitation Game
48950,Carmina and Amen (Carmina y amÌ©n)
48950,Boyhood
48950,The Unexpected Love
48950,Inside Out
48950,The Treasure
161108,The Imitation Game
7695,Big Hero 6
7695,Big Eyes
7695,Inside Out
409,Gone Girl
409,The Imitation Game
409,The Big Short
35936,Boyhood
35936,Gone Girl
180177,Big Hero 6
101711,Gone Girl
214792,Big Hero 6
26367,Gone Girl
221155,The Imitation Game
26563,The Imitation Game
26563,Wild Tales
26563,Inside Out
244819,The Imitation Game
32824,Victor Frankenstein
100171,Gone Girl
100171,The Imitation Game
55937,Inside Out
73076,Big Hero 6
149321,Big Hero 6
149321,The Imitation Game
149321,Inside Out
211593,The Imitation Game
184505,Gone Girl
31902,Inside Out
69569,The Imitation Game
69569,Effie Gray
93134,Wild Tales
165611,Gone Girl
165611,The Imitation Game
98108,The Imitation Game
41829,Big Hero 6
41829,Inside Out
41829,The Hunger Games: Mockingjay - Part 2
4622,Big Hero 6
4622,The Imitation Game
167614,Calvary
167614,Boyhood
231073,Gone Girl
231073,Big Hero 6
231073,Inside Out
231073,The Hunger Games: Mockingjay - Part 2
231073,Magic Mike XXL
240481,The Imitation Game
240481,Louis C.K.: Live at The Comedy Store
69551,Big Hero 6
69551,The Imitation Game
113098,Gone Girl
113098,The Imitation Game
113098,Louis C.K.: Live at The Comedy Store
113098,Inside Out
113098,Justice League: Gods and Monsters
2451,Gone Girl
85194,Gone Girl
75198,Boyhood
75198,Gone Girl
75198,Force Majeure (Turist)
75198,The Imitation Game
75198,Wild Tales
75198,Big Eyes
237738,The Imitation Game
176,The Fault in Our Stars
176,Boyhood
176,Gone Girl
176,Fury
176,Leviathan
176,Catch Hell
176,The Imitation Game
176,Big Eyes
176,Inside Out
176,American Ultra
227642,The Imitation Game
21938,The Imitation Game
205258,Gone Girl
205258,The Imitation Game
205258,Man Up
205258,Inside Out
205258,Welcome to Leith
45474,Big Hero 6
45474,The Imitation Game
45474,Inside Out
57311,Gone Girl
204070,Boyhood
204070,Gone Girl
204070,The Imitation Game
204070,Inside Out
10155,The Imitation Game
58663,Big Hero 6
58663,The Imitation Game
58663,Inside Out
48222,The Imitation Game
158701,Big Hero 6
158701,Inside Out
158701,The Hunger Games: Mockingjay - Part 2
81962,The Imitation Game
81962,Inside Out
149685,Gone Girl
9626,Gone Girl
16939,Big Hero 6
134577,The Imitation Game
162115,Inside Out
14654,Big Hero 6
14656,The Imitation Game
15700,Inside Out
14658,Gone Girl
190148,Big Hero 6
190148,The Imitation Game
49952,Big Hero 6
49952,Inside Out
123552,Boyhood
123552,The Imitation Game
10088,Jim Gaffigan: Obsessed
10088,Gone Girl
10088,The Imitation Game
10088,Inside Out
10088,Batkid Begins
10088,The Big Short
146269,Transformers: Age of Extinction
78473,Big Hero 6
78473,Inside Out
216653,Gone Girl
216653,The Imitation Game
138474,Fury
138474,Big Hero 6
138474,Big Eyes
138474,Inside Out
40311,Gone Girl
40311,The Imitation Game
179447,Boyhood
179447,Gone Girl
179447,The Imitation Game
106732,Transformers: Age of Extinction
106732,Gone Girl
106732,Fury
106732,The Imitation Game
106732,Dear White People
106732,Louis C.K.: Live at The Comedy Store
106732,About Alex
106732,Inside Out
106732,The Hunger Games: Mockingjay - Part 2
106732,American Ultra
106732,Deadly Virtues: Love.Honour.Obey.
94555,Calvary
94555,Boyhood
94555,Gone Girl
94555,The Imitation Game
114602,The Fault in Our Stars
114602,Big Hero 6
114602,Louis C.K.: Live at The Comedy Store
114602,Inside Out
99848,Boyhood
99848,Gone Girl
29575,Gone Girl
29575,The Imitation Game
18621,Inside Out
179503,Calvary
179503,Inside Out
158963,The Imitation Game
209938,Samba
161620,Gone Girl
18153,Gone Girl
18153,The Imitation Game
47687,The Imitation Game
47687,Inside Out
47687,American Ultra
47687,The Big Short
238642,V/H/S: Viral
233616,Transformers: Age of Extinction
233616,Big Hero 6
233616,Inside Out
233616,The Hunger Games: Mockingjay - Part 2
94957,Boyhood
94957,The Imitation Game
185275,Big Hero 6
185275,Louis C.K.: Live at The Comedy Store
185275,Inside Out
34520,Boyhood
34520,Gone Girl
34520,Big Hero 6
34520,The Imitation Game
34520,Inside Out
126382,Boyhood
126382,Gone Girl
126382,Inside Out
6569,Boyhood
6569,Transformers: Age of Extinction
6569,Gone Girl
6569,Teenage Mutant Ninja Turtles
6569,The Best of Me
6569,Fury
6569,Big Hero 6
6569,The Imitation Game
6569,Wild Tales
6569,In the Heart of the Sea
6569,Big Eyes
6569,Inside Out
6569,Self/less
6569,American Ultra
6569,The Big Short
143342,Teenage Mutant Ninja Turtles
143342,Fury
143342,Big Hero 6
143342,The Imitation Game
143342,The Little Rascals Save the Day
11568,Big Hero 6
229857,Boyhood
229857,Inside Out
96080,Big Hero 6
230718,Force Majeure (Turist)
230718,Crimes Against Humanity
22394,Big Hero 6
22394,Inside Out
4280,Big Hero 6
4280,Inside Out
4280,The Hunger Games: Mockingjay - Part 2
87907,The Fault in Our Stars
87907,Boyhood
87907,Teenage Mutant Ninja Turtles
87907,Big Hero 6
87907,The Imitation Game
87907,Dear White People
87907,The Voices
87907,Big Eyes
87907,Louis C.K.: Live at The Comedy Store
87907,Merchants of Doubt
87907,Demonic
87907,Strangerland
87907,Self/less
87907,Steve Jobs: The Man in the Machine
87907,Love Me
192239,Big Hero 6
192239,Wild Tales
192239,Louis C.K.: Live at The Comedy Store
192239,Inside Out
35322,Gone Girl
35322,The Imitation Game
228452,Boyhood
228452,Transformers: Age of Extinction
228452,Teenage Mutant Ninja Turtles
228452,Big Hero 6
228452,The Imitation Game
228452,Strangerland
228452,Inside Out
96530,The Fault in Our Stars
128859,Gone Girl
128859,Big Hero 6
128859,The Imitation Game
128859,Inside Out
149869,Gone Girl
195656,Gone Girl
195656,Big Hero 6
195656,The Imitation Game
195656,Inside Out
156637,Gone Girl
154671,Gone Girl
154671,Big Hero 6
154671,The Imitation Game
154671,Inside Out
154671,Faith of Our Fathers
192154,Gone Girl
192154,The Imitation Game
39014,Boyhood
39014,Gone Girl
39014,The Imitation Game
39014,Wild Tales
73911,Gone Girl
73911,Louis C.K.: Live at The Comedy Store
73440,Big Hero 6
104264,Inside Out
56105,Gone Girl
56105,Big Hero 6
56105,The Imitation Game
56105,The Big Short
117509,Gone Girl
199032,The Imitation Game
42036,Gone Girl
42036,Big Hero 6
131310,Inside Out
235767,The Imitation Game
235767,Inside Out
69759,The Fault in Our Stars
69759,The Imitation Game
69759,Inside Out
245800,The Imitation Game
240127,Gone Girl
113089,Turks & Caicos
113089,Gone Girl
113089,Big Hero 6
113089,The Imitation Game
113089,Louis C.K.: Live at The Comedy Store
138662,Gone Girl
79837,The Imitation Game
21633,The Imitation Game
17525,Gone Girl
17525,The Imitation Game
17525,Inside Out
244441,The Imitation Game
166825,The Imitation Game
166825,Inside Out
205241,Inside Out
43142,The Fault in Our Stars
43142,Boyhood
43142,Gone Girl
43142,The Imitation Game
43142,Inside Out
6198,Gone Girl
6198,Big Hero 6
6198,The Imitation Game
6198,Inside Out
6199,Calvary
6199,Boyhood
6199,Gone Girl
6199,Fury
6199,Big Hero 6
6199,The Imitation Game
6199,Dear White People
6199,The Voices
169556,Gone Girl
169556,Big Hero 6
169556,The Imitation Game
169556,Inside Out
107460,Gone Girl
107460,Inside Out
107460,The Hunger Games: Mockingjay - Part 2
57305,Boyhood
57305,Gone Girl
57305,Fury
57305,Leviathan
57305,The Imitation Game
57305,Dear White People
57305,Inside Out
62409,The Imitation Game
45646,The Imitation Game
68111,Big Hero 6
21251,Gone Girl
21251,Big Hero 6
157017,Inside Out
117754,Gone Girl
157019,Gone Girl
160276,Big Hero 6
204444,Inside Out
146075,Gone Girl
106395,The Imitation Game
14883,Boyhood
14883,Gone Girl
102394,The Imitation Game
231919,Inside Out
14642,The Fault in Our Stars
14642,Gone Girl
14642,Before I Disappear
14642,The Imitation Game
123545,Big Hero 6
123545,The Imitation Game
123545,Louis C.K.: Live at The Comedy Store
152067,Gone Girl
152067,Fury
152067,The Imitation Game
102371,The Fault in Our Stars
102371,Inside Out
18894,Inside Out
109107,The Imitation Game
102378,Transformers: Age of Extinction
34950,Boyhood
213995,Gone Girl
213995,The Imitation Game
213995,Wild Tales
213995,Inside Out
175538,Inside Out
146292,The Imitation Game
237296,The Imitation Game
237296,Louis C.K.: Live at The Comedy Store
168845,Gone Girl
800,Gone Girl
800,Inside Out
800,Magic Mike XXL
71352,The Fault in Our Stars
123720,Wild Tales
109518,Inside Out
12924,The Fault in Our Stars
12924,Gone Girl
12924,The Imitation Game
12924,The Hunger Games: Mockingjay - Part 2
146852,The Imitation Game
138886,The Hunger Games: Mockingjay - Part 2
87127,The Fault in Our Stars
87127,Big Hero 6
87127,Inside Out
174598,The Imitation Game
87122,Boyhood
87122,PAY 2 PLAY: Democracy's High Stakes
87122,Before I Disappear
87122,Crimes Against Humanity
87122,Copenhagen
87122,The Imitation Game
106700,Boyhood
106700,Gone Girl
106700,The Imitation Game
156635,The Hunger Games: Mockingjay - Part 2
233757,Gone Girl
142355,Gone Girl
142355,Fury
67168,Big Hero 6
67168,In the Heart of the Sea
67168,Inside Out
196785,Gone Girl
196785,The Imitation Game
226479,Big Hero 6
226479,The Imitation Game
226479,Inside Out
218531,Inside Out
137841,Gone Girl
137841,The Imitation Game
242947,Inside Out
182958,Big Hero 6
182958,Inside Out
73832,Gone Girl
73832,The Imitation Game
73832,Wild Tales
73832,Inside Out
231449,The Imitation Game
101743,Gone Girl
101743,The Imitation Game
178013,Beautiful Girl
226699,Gone Girl
78731,Big Hero 6
6993,Gone Girl
6993,The Imitation Game
97915,The Imitation Game
207396,The Imitation Game
168533,Gone Girl
168533,Big Hero 6
168533,The Imitation Game
184040,Calvary
184040,The Fault in Our Stars
184040,Boyhood
184040,Gone Girl
184040,Copenhagen
184040,Big Eyes
184040,Appropriate Behaviour
184040,Inside Out
11107,Big Hero 6
11107,Inside Out
225253,Inside Out
154038,Wild Tales
34313,The Imitation Game
30610,Gone Girl
30610,The Imitation Game
30610,Inside Out
151641,Gone Girl
151641,Inside Out
151641,The Hunger Games: Mockingjay - Part 2
118791,Big Hero 6
50188,Boyhood
50188,Gone Girl
50188,Big Hero 6
50188,Inside Out
83703,Big Hero 6
83703,The Imitation Game
83703,Inside Out
129894,Transformers: Age of Extinction
129894,Big Hero 6
15590,Calvary
15590,The Fault in Our Stars
15590,Boyhood
15590,Gone Girl
15590,Force Majeure (Turist)
15590,Fury
15590,Big Hero 6
15590,The Imitation Game
15590,Inside Out
207485,The Imitation Game
72653,Boyhood
72653,Gone Girl
72653,Big Hero 6
151368,The Fault in Our Stars
151368,Laggies
151368,Big Hero 6
151368,Dear White People
151368,The Voices
151368,The Little Death
151368,Unexpected
151368,She's Funny That Way
151368,Inside Out
151368,American Ultra
151368,Sisters
111783,The Imitation Game
130414,Gone Girl
130414,Big Hero 6
130414,The Imitation Game
68930,Boyhood
68930,Gone Girl
68930,Fury
68930,Big Hero 6
68930,The Imitation Game
77138,The Imitation Game
126809,Gone Girl
126809,Inside Out
130198,Gone Girl
110964,Inside Out
110968,Boyhood
110968,Inside Out
162644,Fury
162644,Big Hero 6
39395,Transformers: Age of Extinction
39395,Gone Girl
39395,Teenage Mutant Ninja Turtles
39395,The Imitation Game
39395,Louis C.K.: Live at The Comedy Store
23383,Big Hero 6
23383,The Imitation Game
23383,Inside Out
23383,The Hunger Games: Mockingjay - Part 2
194682,Boyhood
194682,Gone Girl
194682,Fury
194682,The Imitation Game
16138,Gone Girl
16138,Big Hero 6
16138,The Imitation Game
166692,Big Hero 6
166692,Inside Out
118774,Big Hero 6
154608,Fury
154608,Wanderers
93970,Gone Girl
93970,Inside Out
220049,Boyhood
220049,Gone Girl
220049,The Imitation Game
220049,Grandma
220049,Inside Out
82093,Gone Girl
82093,Big Hero 6
82093,The Imitation Game
82093,Inside Out
220660,Big Hero 6
220660,The Imitation Game
220660,Inside Out
220660,The Hunger Games: Mockingjay - Part 2
220660,Steve Jobs: The Man in the Machine
90872,The Imitation Game
208149,Boyhood
208149,Gone Girl
184674,Transformers: Age of Extinction
16223,Gone Girl
16223,Louis C.K.: Live at The Comedy Store
162227,Gone Girl
162227,Big Hero 6
162227,The Imitation Game
162227,Louis C.K.: Live at The Comedy Store
138121,Boyhood
138121,Gone Girl
138121,The Imitation Game
138121,Inside Out
81365,Gone Girl
81365,Big Hero 6
81365,Louis C.K.: Live at The Comedy Store
81365,Inside Out
42553,Gone Girl
42553,The Imitation Game
139103,Louis C.K.: Live at The Comedy Store
64628,Big Hero 6
98054,Boyhood
98054,Inside Out
220597,Gone Girl
220597,Inside Out
219869,Big Hero 6
219869,Before I Disappear
102960,Leviathan
102960,The Imitation Game
63672,Boyhood
63672,The Imitation Game
63672,Wild Tales
203952,The Imitation Game
80164,Inside Out
223174,Gone Girl
90271,Boyhood
90271,Gone Girl
90271,The Imitation Game
108719,Inside Out
220467,Inside Out
26056,Louis C.K.: Live at The Comedy Store
139215,Gone Girl
152679,Boyhood
152679,Gone Girl
152679,The Imitation Game
152679,Wild Tales
152679,Louis C.K.: Live at The Comedy Store
152679,Entertainment
70585,Boyhood
70585,Gone Girl
70585,Big Hero 6
49333,Fury
49333,The Imitation Game
162572,Gone Girl
87350,Gone Girl
87350,The Imitation Game
87350,Inside Out
58048,The Imitation Game
204050,The Fault in Our Stars
17175,Gone Girl
17175,Inside Out
247502,The Imitation Game
145904,Big Hero 6
211213,Gone Girl
211213,The Hunger Games: Mockingjay - Part 2
81945,Transformers: Age of Extinction
21717,Gone Girl
21717,The Imitation Game
20660,Gone Girl
20660,Big Hero 6
20660,The Imitation Game
20660,Inside Out
163775,The Fault in Our Stars
163775,Boyhood
163775,Gone Girl
163775,Magic in the Moonlight
163775,Laggies
163775,Fury
163775,Big Hero 6
163775,The Imitation Game
163775,Samba
16917,The Imitation Game
122955,About Alex
10829,Fury
10829,The Imitation Game
10829,Louis C.K.: Live at The Comedy Store
138270,Inside Out
112697,Gone Girl
112697,Big Hero 6
112697,The Imitation Game
85713,The Imitation Game
85713,The Big Short
54212,The Fault in Our Stars
54212,Transformers: Age of Extinction
54212,Magic in the Moonlight
54212,Fury
54212,Big Hero 6
54212,The Imitation Game
54212,The Voices
54212,Inside Out
106672,Leviathan
106672,The Imitation Game
223567,The Voices
218439,Inside Out
158613,Big Hero 6
116009,The Imitation Game
90727,Boyhood
70211,The Imitation Game
146114,Gone Girl
146114,Big Hero 6
146114,The Imitation Game
163424,Inside Out
154257,The Imitation Game
217853,Gone Girl
217853,The Crow's Nest
174580,Fury
94774,Boyhood
94774,The Imitation Game
194518,Big Hero 6
129435,Gone Girl
129435,The Imitation Game
129435,The Big Short
36610,Gone Girl
36610,The Imitation Game
36610,The Hunger Games: Mockingjay - Part 2
232165,Boyhood
232165,The Big Short
209953,Big Hero 6
115108,Gone Girl
115108,Big Hero 6
37983,The Imitation Game
37983,Wild Tales
15108,Teenage Mutant Ninja Turtles
192921,Gone Girl
192921,Big Hero 6
192921,Wild Tales
192921,Inside Out
192921,The Big Short
192921,The Mend
77903,Boyhood
143520,Big Hero 6
143520,Louis C.K.: Live at The Comedy Store
143520,Inside Out
143520,The Big Short
222218,Boyhood
222218,Gone Girl
222218,Dear White People
29139,The Fault in Our Stars
29139,Boyhood
29139,Big Hero 6
29139,The Imitation Game
29139,Inside Out
136632,The Imitation Game
136632,Inside Out
83712,The Imitation Game
234322,The Fault in Our Stars
234322,The Best of Me
234322,The Hunger Games: Mockingjay - Part 2
72265,The Fault in Our Stars
72265,Boyhood
72265,Gone Girl
72265,Teenage Mutant Ninja Turtles
72265,Big Hero 6
72265,The Imitation Game
72265,Wild Tales
72265,The Voices
72265,Wild Card
72265,Samba
72265,Inside Out
126725,Gone Girl
126725,The Imitation Game
169307,Big Hero 6
169307,The Imitation Game
169307,Inside Out
15030,Transformers: Age of Extinction
15030,Gone Girl
15030,Inside Out
221327,Gone Girl
218669,The Fault in Our Stars
218669,Boyhood
218669,Gone Girl
182961,Boyhood
182961,Gone Girl
182961,Big Hero 6
182961,Inside Out
126655,Transformers: Age of Extinction
126655,Magic in the Moonlight
126655,Teenage Mutant Ninja Turtles
126655,Big Hero 6
126655,The Imitation Game
126655,The Little Death
126656,The Imitation Game
77832,Inside Out
66551,Boyhood
66551,Gone Girl
66551,Big Hero 6
117631,Gone Girl
117631,Fury
117631,Big Hero 6
61024,Gone Girl
159570,Gone Girl
159570,Fury
159570,Leviathan
23716,Big Hero 6
197328,Calvary
197328,Gone Girl
89139,Louis C.K.: Live at The Comedy Store
103583,Gone Girl
103583,The Imitation Game
103583,Inside Out
12449,The Imitation Game
207834,Boyhood
207834,Gone Girl
208823,Transformers: Age of Extinction
208823,Fury
208823,Big Hero 6
7550,Transformers: Age of Extinction
7550,Gone Girl
7550,The Imitation Game
7556,Jim Gaffigan: Obsessed
7556,Boyhood
7556,Gone Girl
7556,Teenage Mutant Ninja Turtles
7556,Laggies
7556,Big Hero 6
7556,The Imitation Game
7556,The Voices
206522,Inside Out
35478,Before I Disappear
84824,Gone Girl
192136,Gone Girl
192136,Big Hero 6
192136,The Imitation Game
192136,Wild Tales
192136,Inside Out
55789,Gone Girl
55789,The Imitation Game
4174,Inside Out
245261,Big Hero 6
16216,Wild Tales
116345,Boyhood
116345,Gone Girl
116345,Big Hero 6
116345,The Imitation Game
230990,The Imitation Game
116581,The Imitation Game
73336,Gone Girl
73336,The Imitation Game
80715,Big Hero 6
214168,Gone Girl
214168,The Imitation Game
74932,Louis C.K.: Live at The Comedy Store
166205,The Fault in Our Stars
131335,The Imitation Game
235030,Inside Out
165260,The Fault in Our Stars
165260,Inside Out
220272,Gone Girl
220272,Big Hero 6
220272,The Imitation Game
98732,Boyhood
98732,Fury
98732,Big Hero 6
98732,The Imitation Game
227290,Gone Girl
227290,Fury
227290,Big Hero 6
227290,The Imitation Game
208285,Gone Girl
125664,Gone Girl
125664,Inside Out
50112,The Imitation Game
118377,Louis C.K.: Live at The Comedy Store
118377,Inside Out
120181,Gone Girl
120181,Fury
1055,Big Hero 6
1055,The Imitation Game
134301,Transformers: Age of Extinction
134301,Big Hero 6
134301,The Imitation Game
105750,Boyhood
105750,Gone Girl
105750,Big Hero 6
105750,The Imitation Game
61803,The Fault in Our Stars
161813,Gone Girl
161813,The Imitation Game
201218,Boyhood
201218,Gone Girl
201218,Fury
201218,Big Hero 6
201218,The Imitation Game
201218,Louis C.K.: Live at The Comedy Store
201218,Inside Out
107448,The Imitation Game
200039,Boyhood
200039,Transformers: Age of Extinction
200039,Gone Girl
200039,Fury
200039,Big Hero 6
200039,The Imitation Game
232224,Inside Out
46992,Inside Out
4987,Boyhood
4987,Gone Girl
4987,Fury
46229,Gone Girl
46229,Big Hero 6
46229,The Imitation Game
46229,Inside Out
10526,Gone Girl
10526,Big Hero 6
10526,The Imitation Game
10526,Inside Out
133012,Boyhood
133012,Gone Girl
203108,Gone Girl
203108,The Imitation Game
218424,The Fault in Our Stars
218424,Transformers: Age of Extinction
218424,Teenage Mutant Ninja Turtles
218424,Big Hero 6
218424,The Imitation Game
218424,American Ultra
218424,400 Days
106668,Boyhood
106668,Gone Girl
106668,Fury
106668,The Imitation Game
106668,Big Eyes
106668,The Big Short
190201,Big Hero 6
190201,The Imitation Game
247354,Boyhood
247354,Gone Girl
247354,The Imitation Game
152646,The Fault in Our Stars
152646,Gone Girl
152646,The Imitation Game
54515,Big Hero 6
54515,Wild Tales
162786,Boyhood
162786,The Imitation Game
199584,Big Hero 6
199584,Inside Out
195064,Gone Girl
195064,Fury
195064,The Imitation Game
195064,Inside Out
193087,The Imitation Game
86418,Appropriate Behaviour
67094,Big Hero 6
67094,The Hunger Games: Mockingjay - Part 2
102294,Boyhood
102294,Big Hero 6
123450,Inside Out
225433,Gone Girl
143737,Inside Out
791,The Imitation Game
198435,Gone Girl
198435,The Imitation Game
40145,Gone Girl
40145,Big Hero 6
40145,Inside Out
40145,Self/less
40145,Dark Summer
15823,Boyhood
15823,Gone Girl
15823,The Imitation Game
15823,Inside Out
176880,The Fault in Our Stars
176880,Transformers: Age of Extinction
176880,Gone Girl
233172,Gone Girl
233172,The Imitation Game
148858,Gone Girl
47490,The Big Short
156989,Boyhood
50211,Inside Out
180951,Boyhood
180951,Gone Girl
171452,Big Hero 6
171452,The Imitation Game
171452,Inside Out
207139,Grace
77936,Inside Out
77931,The Imitation Game
33895,Big Hero 6
33895,The Imitation Game
33895,Inside Out
211713,Fury
211713,Big Hero 6
211713,Inside Out
169154,Boyhood
169154,Gone Girl
169154,Fury
169154,Big Hero 6
169154,The Imitation Game
169154,Inside Out
216114,The Imitation Game
216114,Inside Out
132052,Inside Out
132052,Justice League: Gods and Monsters
232829,Gone Girl
31548,Louis C.K.: Live at The Comedy Store
229260,Gone Girl
229260,Big Hero 6
229260,Inside Out
171673,The Fault in Our Stars
171673,Big Hero 6
171673,Inside Out
171673,American Ultra
72188,Gone Girl
230685,The Imitation Game
133879,The Imitation Game
180714,Gone Girl
180714,Louis C.K.: Live at The Comedy Store
180714,Inside Out
126642,Gone Girl
126642,Big Hero 6
126642,The Imitation Game
38153,Calvary
38153,The Fault in Our Stars
38153,Boyhood
38153,Transformers: Age of Extinction
38153,Gone Girl
38153,Teenage Mutant Ninja Turtles
38153,Fury
38153,Big Hero 6
38153,The Imitation Game
38153,Wild Tales
127519,Big Hero 6
127519,Before I Disappear
127519,Inside Out
245455,Gone Girl
196204,The Imitation Game
136376,Calvary
155687,Inside Out
26291,The Imitation Game
235136,The Imitation Game
204935,The Imitation Game
98638,The Imitation Game
98638,The Hunger Games: Mockingjay - Part 2
214199,Big Hero 6
214199,Inside Out
201379,The Imitation Game
201379,Louis C.K.: Live at The Comedy Store
201379,Inside Out
201379,Anti-Social
222511,Gone Girl
222511,The Imitation Game
241577,Boyhood
241577,Gone Girl
241577,The Imitation Game
241577,Wild Tales
94344,Boyhood
94344,Gone Girl
116803,Gone Girl
121912,Gone Girl
139476,The Imitation Game
91830,Gone Girl
91830,The Imitation Game
116970,Big Hero 6
116970,Inside Out
27210,Boyhood
27210,Gone Girl
27210,Big Hero 6
240172,Inside Out
51145,Gone Girl
17574,Gone Girl
17574,Big Hero 6
17574,The Imitation Game
53169,The Imitation Game
146607,Flowers in the Attic
146607,Calvary
146607,Rage
146607,Boyhood
146607,Gone Girl
146607,Teenage Mutant Ninja Turtles
146607,Laggies
146607,Fury
146607,Big Hero 6
146607,The Imitation Game
146607,V/H/S: Viral
146607,Listen Up Philip
146607,The Voices
146607,Big Eyes
146607,Whitey: United States of America v. James J. Bulger
146607,Strangerland
146607,Inside Out
146607,American Ultra
146607,The Big Short
4577,Gone Girl
4577,The Imitation Game
26073,Boyhood
26073,Louis C.K.: Live at The Comedy Store
26073,Inside Out
45340,Gone Girl
45340,Magic in the Moonlight
45340,Force Majeure (Turist)
45340,The Imitation Game
45340,The Green Prince
94242,Inside Out
153056,The Imitation Game
166300,The Imitation Game
154559,Big Hero 6
154559,Leviathan
53303,Transformers: Age of Extinction
53303,Gone Girl
53303,Stage Fright
53303,Big Hero 6
53303,Before I Disappear
53303,The Voices
53303,Grace
53303,The Little Death
53303,About Alex
53303,Raised by Wolves
53303,Eat
53303,Contracted: Phase II
216969,Calvary
216969,Boyhood
216969,Transformers: Age of Extinction
216969,Gone Girl
216969,Teenage Mutant Ninja Turtles
216969,Laggies
216969,Fury
216969,Big Hero 6
216969,The Imitation Game
216969,Inside Out
216969,The Big Short
60699,Teenage Mutant Ninja Turtles
39827,The Fault in Our Stars
39827,Boyhood
39827,Gone Girl
39827,Teenage Mutant Ninja Turtles
188806,Gone Girl
188806,The Imitation Game
74318,Gone Girl
209357,Boyhood
209357,Gone Girl
209357,Fury
209357,Leviathan
209357,The Imitation Game
200139,Gone Girl
207158,Gone Girl
207158,Big Hero 6
207158,Louis C.K.: Live at The Comedy Store
207158,Inside Out
45767,The Hunger Games: Mockingjay - Part 2
58979,Gone Girl
123516,The Imitation Game
33710,Gone Girl
187452,The Imitation Game
20115,Fury
20115,Big Hero 6
84280,Transformers: Age of Extinction
84280,Gone Girl
84280,Fury
84280,Big Hero 6
84280,The Imitation Game
84280,Louis C.K.: Live at The Comedy Store
84280,Inside Out
84280,The Hunger Games: Mockingjay - Part 2
231812,Gone Girl
231812,Fury
231812,The Imitation Game
231812,Listen Up Philip
176725,Boyhood
176725,Gone Girl
176725,Force Majeure (Turist)
176725,Big Hero 6
176725,Leviathan
176725,The Imitation Game
176725,Wild Tales
176725,The Wonders
176725,Inside Out
15638,Gone Girl
15638,Big Hero 6
94756,Gone Girl
94756,The Hunger Games: Mockingjay - Part 2
9003,The Hunger Games: Mockingjay - Part 2
196754,Gone Girl
196754,The Imitation Game
5484,Inside Out
5484,The Hunger Games: Mockingjay - Part 2
10221,Gone Girl
10221,The Imitation Game
784,The Imitation Game
137810,The Imitation Game
24416,Gone Girl
24416,The Imitation Game
24416,Inside Out
9391,Gone Girl
9391,Samba
179398,Gone Girl
71098,Big Hero 6
71098,Inside Out
71098,Sisters
84605,Gone Girl
84605,Big Hero 6
84605,Inside Out
177193,Wild Tales
177193,Louis C.K.: Live at The Comedy Store
122117,Inside Out
142634,Gone Girl
142634,Big Hero 6
142634,The Imitation Game
78567,Gone Girl
242665,Big Hero 6
242665,The Imitation Game
169560,The Imitation Game
33976,The Imitation Game
33976,Inside Out
225510,The Imitation Game
94911,Gone Girl
94911,Louis C.K.: Live at The Comedy Store
94911,Inside Out
239808,Gone Girl
239808,Big Hero 6
239808,The Imitation Game
88963,Transformers: Age of Extinction
7156,Big Hero 6
7156,Inside Out
226732,Fury
637,The Imitation Game
136560,Big Hero 6
136560,Inside Out
243844,Gone Girl
170396,The Imitation Game
123086,Inside Out
196576,Boyhood
143382,Gone Girl
143382,The Imitation Game
143382,Wild Tales
233542,The Fault in Our Stars
218703,The Imitation Game
218703,Inside Out
91729,Gone Girl
91729,Big Hero 6
91729,Inside Out
234230,Gone Girl
66207,Big Hero 6
66207,Inside Out
171061,Gone Girl
171061,The Imitation Game
171061,The Hunger Games: Mockingjay - Part 2
35107,Gone Girl
234011,Big Hero 6
234011,Inside Out
32458,Gone Girl
32458,Big Hero 6
32458,The Imitation Game
32458,Inside Out
79410,Gone Girl
73132,Boyhood
73132,Gone Girl
207966,Boyhood
207966,Gone Girl
207966,Big Hero 6
207966,The Imitation Game
181853,Gone Girl
181853,Fury
181853,Big Hero 6
195909,Leviathan
119108,Gone Girl
119108,Big Hero 6
119108,Inside Out
183749,The Imitation Game
88642,Gone Girl
88642,Big Hero 6
88642,Louis C.K.: Live at The Comedy Store
193422,The Imitation Game
192110,The Imitation Game
134895,Gone Girl
11256,Gone Girl
11256,The Imitation Game
11256,The Voices
11256,Inside Out
11256,American Ultra
89205,Inside Out
231143,Fury
231143,The Imitation Game
231143,Wild Tales
89200,The Fault in Our Stars
69820,Big Hero 6
69820,Inside Out
197983,The Imitation Game
169713,Teenage Mutant Ninja Turtles
169713,Big Hero 6
169713,The Voices
169713,Louis C.K.: Live at The Comedy Store
151220,Inside Out
151220,The Hunger Games: Mockingjay - Part 2
55855,Gone Girl
55855,Big Hero 6
55855,The Imitation Game
56323,The Fault in Our Stars
56323,Inside Out
82916,The Hunger Games: Mockingjay - Part 2
140380,The Fault in Our Stars
140380,The Best of Me
140380,Big Hero 6
140380,The Imitation Game
140380,Inside Out
140380,The Hunger Games: Mockingjay - Part 2
140380,Tanu Weds Manu Returns
240694,The Fault in Our Stars
240694,Boyhood
240694,Transformers: Age of Extinction
240694,Gone Girl
240694,Teenage Mutant Ninja Turtles
240694,Fury
240694,Inside Out
240694,The Hunger Games: Mockingjay - Part 2
240696,The Imitation Game
49159,Calvary
49159,Boyhood
49159,Gone Girl
49159,Force Majeure (Turist)
49159,Fury
49159,Big Hero 6
49159,The Imitation Game
49159,Wild Tales
49159,The Voices
49159,Big Eyes
49159,Inside Out
49159,Magic Mike XXL
101070,Gone Girl
101070,The Imitation Game
101070,Louis C.K.: Live at The Comedy Store
81483,Inside Out
56522,Gone Girl
56522,Big Hero 6
56522,Inside Out
65563,Big Hero 6
219811,The Imitation Game
153867,Inside Out
119971,Gone Girl
116497,Big Hero 6
116497,The Imitation Game
116497,Inside Out
215943,Big Hero 6
215943,Inside Out
46425,Inside Out
60194,Mr. Peabody & Sherman
60194,Big Hero 6
60194,Inside Out
64144,Boyhood
12784,Gone Girl
12784,The Imitation Game
12784,Inside Out
12784,The Hunger Games: Mockingjay - Part 2
63424,The Imitation Game
63424,Wild Tales
173439,Inside Out
192485,The Imitation Game
106554,Big Hero 6
106554,Inside Out
106554,American Ultra
42969,Inside Out
4966,Gone Girl
4966,V/H/S: Viral
160346,Gone Girl
104829,Gone Girl
105424,The Imitation Game
70310,The Imitation Game
46956,Gone Girl
62592,The Imitation Game
3266,Boyhood
3266,Big Hero 6
182171,Big Hero 6
182171,The Imitation Game
182171,Inside Out
208244,Gone Girl
208244,Fury
208244,Big Hero 6
208244,The Imitation Game
120830,The Imitation Game
54532,Big Hero 6
54532,Inside Out
112809,The Imitation Game
168374,Gone Girl
168374,Louis C.K.: Live at The Comedy Store
62776,The Imitation Game
59761,Gone Girl
95669,Boyhood
95669,Gone Girl
164259,Gone Girl
164259,The Imitation Game
164259,Louis C.K.: Live at The Comedy Store
34280,Bears
34280,The Fault in Our Stars
34280,Boyhood
34280,The Imitation Game
34280,Big Eyes
34280,Inside Out
162948,Laggies
178832,Gone Girl
178832,The Imitation Game
108404,Inside Out
220810,Boyhood
220810,Gone Girl
220810,Fury
220810,The Imitation Game
239816,The Fault in Our Stars
239816,Gone Girl
239816,Big Hero 6
239816,The Imitation Game
239816,Big Eyes
239816,Inside Out
239815,Rage
40698,The Imitation Game
182194,Boyhood
182194,Gone Girl
182194,The Imitation Game
108243,The Imitation Game
37866,Gone Girl
37866,The Imitation Game
59430,Gone Girl
59430,The Imitation Game
30814,Transformers: Age of Extinction
30814,Gone Girl
30814,Big Hero 6
30814,Inside Out
196565,Boyhood
196565,Gone Girl
122307,The Imitation Game
186450,The Fault in Our Stars
186450,Big Hero 6
186450,The Imitation Game
186450,Inside Out
225364,The Imitation Game
174531,Gone Girl
236181,The Imitation Game
236181,Inside Out
234009,Gone Girl
234009,Louis C.K.: Live at The Comedy Store
234009,Inside Out
205045,Boyhood
205045,Gone Girl
205045,Force Majeure (Turist)
205045,Listen Up Philip
5731,Gone Girl
5731,The Imitation Game
48806,The Imitation Game
48806,Inside Out
197358,Boyhood
197358,Gone Girl
197358,The Imitation Game
197358,Inside Out
118568,The Imitation Game
118568,Inside Out
35821,Copenhagen
35821,Leviathan
35821,Wild Tales
92565,Inside Out
213657,Boyhood
213657,Gone Girl
213657,The Imitation Game
31039,Gone Girl
174843,Big Hero 6
174843,Inside Out
52945,Leviathan
52945,Gett: The Trial of Viviane Amsalem
200931,The Fault in Our Stars
200931,Transformers: Age of Extinction
60850,The Imitation Game
86041,Gone Girl
28103,Louis C.K.: Live at The Comedy Store
87887,The Imitation Game
214778,The Fault in Our Stars
214778,Gone Girl
214778,The Imitation Game
221712,The Fault in Our Stars
221712,Boyhood
221712,Transformers: Age of Extinction
221712,Gone Girl
221712,Big Hero 6
221712,The Imitation Game
116822,Mr. Peabody & Sherman
116822,Boyhood
116822,Gone Girl
116822,Magic in the Moonlight
116822,Fury
116822,Big Hero 6
116822,The Imitation Game
116822,Wild Tales
116822,Big Eyes
116822,Inside Out
177369,Big Hero 6
172701,Calvary
65342,The Imitation Game
192071,Gone Girl
192071,Fury
192071,The Imitation Game
185773,Big Hero 6
151819,Gett: The Trial of Viviane Amsalem
151819,Louis C.K.: Live at The Comedy Store
151819,Butterfly
151819,Scusate se esisto!
6094,Inside Out
145959,Gone Girl
145959,The Imitation Game
140664,Inside Out
82586,Inside Out
74793,Boyhood
74793,The Imitation Game
74793,Louis C.K.: Live at The Comedy Store
74793,Inside Out
52898,Boyhood
52898,Gone Girl
181883,Gone Girl
25740,Calvary
98509,The Fault in Our Stars
98509,Gone Girl
98509,The Imitation Game
96721,Calvary
96721,Boyhood
96721,Gone Girl
96721,Fury
96721,The Imitation Game
150676,The Fault in Our Stars
150676,Boyhood
150676,Gone Girl
186857,Gone Girl
186857,Fury
186857,The Imitation Game
186857,Inside Out
148467,Boyhood
148467,Gone Girl
148467,Wild Tales
148467,Inside Out
118346,The Imitation Game
101427,Gone Girl
101427,The Imitation Game
101420,The Fault in Our Stars
101420,Boyhood
101420,Gone Girl
101420,Big Hero 6
119908,Big Hero 6
119908,The Imitation Game
119908,Inside Out
186982,Gone Girl
186982,Big Hero 6
186982,The Imitation Game
186982,Louis C.K.: Live at The Comedy Store
186982,Inside Out
124677,Big Hero 6
124677,Inside Out
105787,Calvary
105787,The Fault in Our Stars
105787,Boyhood
105787,Transformers: Age of Extinction
105787,Gone Girl
105787,Teenage Mutant Ninja Turtles
105787,Fury
105787,Big Hero 6
105787,The Imitation Game
105787,Wild Tales
105787,Big Eyes
105787,Louis C.K.: Live at The Comedy Store
105787,Inside Out
105787,Self/less
105787,Magic Mike XXL
105787,American Ultra
135443,Gone Girl
135443,The Imitation Game
222011,Fury
134268,The Fault in Our Stars
134268,Gone Girl
134268,Big Hero 6
134268,The Imitation Game
134268,Louis C.K.: Live at The Comedy Store
134268,Inside Out
134268,American Ultra
49281,The Imitation Game
139324,Boyhood
2617,The Imitation Game
188730,The Imitation Game
188730,Inside Out
17041,Gone Girl
10028,Big Hero 6
10028,The Imitation Game
68079,Boyhood
68079,Gone Girl
68079,Big Hero 6
68079,Big Eyes
68079,Inside Out
68079,The Hunger Games: Mockingjay - Part 2
60727,Inside Out
71301,Boyhood
71301,Gone Girl
71301,Fury
71301,The Imitation Game
71301,Big Eyes
208253,Gone Girl
182343,Gone Girl
182343,The Imitation Game
54810,Gone Girl
54810,Big Hero 6
54810,The Imitation Game
134460,Fury
134460,Inside Out
134460,The Hunger Games: Mockingjay - Part 2
202315,Gone Girl
202315,The Imitation Game
71124,Boyhood
71124,Gone Girl
71124,Fury
71124,Big Hero 6
71124,The Imitation Game
71124,Wild Tales
71124,Inside Out
71125,Gone Girl
71125,Wild Tales
71125,Inside Out
99742,Boyhood
99742,Gone Girl
99742,Louis C.K.: Live at The Comedy Store
94736,Inside Out
233370,Big Hero 6
233370,The Imitation Game
37254,Big Hero 6
37254,The Imitation Game
37254,Inside Out
57970,The Imitation Game
24016,The Imitation Game
198398,Inside Out
133064,Gone Girl
237686,Gone Girl
22883,Big Hero 6
22883,The Imitation Game
22883,Inside Out
68470,Big Hero 6
68470,The Imitation Game
178511,The Imitation Game
132227,Louis C.K.: Live at The Comedy Store
225579,Gone Girl
225579,The Imitation Game
138903,Big Hero 6
106446,Gone Girl
106446,Teenage Mutant Ninja Turtles
106446,Big Hero 6
106446,Louis C.K.: Live at The Comedy Store
106446,Wild Card
20316,Boyhood
20316,Transformers: Age of Extinction
20316,Gone Girl
20316,The Imitation Game
20316,The Voices
20316,Inside Out
20316,Self/less
20316,Cruel & Unusual
156228,The Imitation Game
156228,Wild Tales
174147,The Fault in Our Stars
174147,Gone Girl
174147,The Imitation Game
56344,Boyhood
131993,Dear White People
131993,Sisters
34018,Boyhood
34018,Louis C.K.: Live at The Comedy Store
131624,Gone Girl
131624,Teenage Mutant Ninja Turtles
131624,Fury
30024,Gone Girl
30024,The Imitation Game
67440,Transformers: Age of Extinction
67440,Gone Girl
144000,Gone Girl
92540,Gone Girl
245601,Gone Girl
151330,Big Hero 6
151330,Inside Out
193074,Gone Girl
193074,Inside Out
111288,The Fault in Our Stars
111288,Boyhood
111288,Big Hero 6
111288,The Imitation Game
111288,Inside Out
111288,The Hunger Games: Mockingjay - Part 2
111288,400 Days
111288,Sisters
144712,The Fault in Our Stars
144712,Boyhood
144712,Gone Girl
144712,Magic in the Moonlight
144712,Laggies
144712,Fury
144712,The Imitation Game
144712,Wild Tales
144712,Annie
111114,The Imitation Game
225396,The Imitation Game
216961,In the Heart of the Sea
228295,Gone Girl
228295,Big Hero 6
228295,The Imitation Game
228295,Louis C.K.: Live at The Comedy Store
145445,Big Hero 6
145445,The Imitation Game
145445,Inside Out
1308,Gone Girl
1308,The Imitation Game
1308,Louis C.K.: Live at The Comedy Store
1308,Inside Out
72311,Gone Girl
72313,Calvary
72313,Gone Girl
72313,Force Majeure (Turist)
72313,Big Hero 6
72313,Leviathan
72313,Dear White People
72313,Inside Out
72313,Best of Enemies
114382,Gone Girl
114382,Teenage Mutant Ninja Turtles
114382,Fury
114382,Big Hero 6
114382,Justice League: Gods and Monsters
31198,The Fault in Our Stars
31198,Gone Girl
31198,The Imitation Game
31198,Inside Out
31198,Steve Jobs: The Man in the Machine
177422,Calvary
177422,Boyhood
177422,Gone Girl
177422,The Imitation Game
230165,Gone Girl
230165,Inside Out
22,Inside Out
24791,Big Hero 6
24791,Inside Out
228748,Boyhood
19464,Gone Girl
19464,Big Hero 6
19464,The Imitation Game
51681,Boyhood
51681,Gone Girl
51681,Magic in the Moonlight
51681,Big Hero 6
51681,The Imitation Game
28826,The Imitation Game
39070,Boyhood
39070,Fury
39070,The Imitation Game
32946,Transformers: Age of Extinction
32946,Teenage Mutant Ninja Turtles
23684,Big Hero 6
187318,Gone Girl
187318,Big Hero 6
187318,The Imitation Game
187318,Inside Out
206146,The Fault in Our Stars
206146,Boyhood
206146,Gone Girl
206146,Laggies
206146,Big Hero 6
206146,The Imitation Game
206146,Action Jackson
206146,Breathe
206146,Court
206146,Inside Out
75928,Boyhood
75928,The Imitation Game
22793,The Fault in Our Stars
22793,Gone Girl
22793,Big Hero 6
22793,Inside Out
124994,Mr. Peabody & Sherman
101255,The Imitation Game
101255,Inside Out
121928,Gone Girl
121928,The Imitation Game
121928,The Big Short
55980,Boyhood
55980,Gone Girl
55980,The Imitation Game
75325,Gone Girl
75325,Big Hero 6
75325,The Imitation Game
104559,Big Hero 6
104559,The Imitation Game
67073,Gone Girl
67073,Fury
67073,Big Hero 6
67073,The Imitation Game
67073,Big Eyes
67073,Inside Out
57581,Inside Out
165535,Inside Out
201252,Inside Out
124662,Gone Girl
124662,The Imitation Game
40936,About Alex
193794,The Imitation Game
193794,The Big Short
153533,The Fault in Our Stars
153533,Boyhood
153533,The Imitation Game
53043,Big Hero 6
53043,The Imitation Game
53043,Inside Out
246553,Boyhood
246553,Gone Girl
172112,Big Hero 6
172112,The Imitation Game
198726,Boyhood
198726,Gone Girl
176170,Big Hero 6
176170,The Imitation Game
74343,Boyhood
74343,Gone Girl
74343,Inside Out
179943,Gone Girl
179943,Big Hero 6
179943,The Imitation Game
199410,Fury
199410,The Imitation Game
113719,Transformers: Age of Extinction
113719,The Imitation Game
113719,Inside Out
113719,The Hunger Games: Mockingjay - Part 2
49251,Gone Girl
49251,Big Hero 6
49251,The Imitation Game
49251,Inside Out
9585,Boyhood
172273,The Imitation Game
63570,The Imitation Game
78629,Gone Girl
78629,The Imitation Game
46570,The Imitation Game
125481,The Imitation Game
125481,The Hunger Games: Mockingjay - Part 2
235601,The Imitation Game
14791,The Imitation Game
44027,Boyhood
44027,Gone Girl
44027,Fury
44027,Big Hero 6
44027,The Imitation Game
44027,Big Eyes
44027,The Humbling
44027,Inside Out
44027,The Hunger Games: Mockingjay - Part 2
99004,Boyhood
99004,The Imitation Game
122412,Big Hero 6
122412,The Imitation Game
122412,Wild Tales
122412,Inside Out
190394,Transformers: Age of Extinction
121473,The Imitation Game
164901,Gone Girl
164901,The Imitation Game
164901,Inside Out
41453,The Fault in Our Stars
41453,Transformers: Age of Extinction
41453,Fury
41453,Big Hero 6
41453,The Imitation Game
41453,The Hunger Games: Mockingjay - Part 2
58296,The Fault in Our Stars
24728,Fury
24728,The Voices
24728,Louis C.K.: Live at The Comedy Store
24728,Inside Out
237695,Calvary
237695,Gone Girl
211820,Fury
211820,The Imitation Game
237123,The Fault in Our Stars
31673,The Imitation Game
83321,Gone Girl
83321,Big Hero 6
83321,The Imitation Game
83321,Louis C.K.: Live at The Comedy Store
83321,Inside Out
208652,Inside Out
208652,The Hunger Games: Mockingjay - Part 2
172017,The Little Death
172017,Sisters
78152,Gone Girl
1040,Transformers: Age of Extinction
1040,Gone Girl
1040,Teenage Mutant Ninja Turtles
1040,Fury
1040,Big Hero 6
1040,The Imitation Game
7353,The Fault in Our Stars
7353,Boyhood
7353,Gone Girl
146213,The Imitation Game
92706,Inside Out
233042,Boyhood
233042,Louis C.K.: Live at The Comedy Store
131967,Gone Girl
131967,The Big Short
3288,Big Hero 6
3288,The Imitation Game
3288,Louis C.K.: Live at The Comedy Store
3288,Inside Out
127474,The Fault in Our Stars
127474,Boyhood
127474,Gone Girl
127474,Magic in the Moonlight
127474,Big Hero 6
127474,The Imitation Game
127474,Man Up
127474,Inside Out
127474,Self/less
127474,The Big Short
188103,The Imitation Game
106542,Transformers: Age of Extinction
106542,Louis C.K.: Live at The Comedy Store
206314,Calvary
206314,The Imitation Game
206314,Wild Tales
196384,The Imitation Game
196384,Inside Out
18019,Big Hero 6
216620,Calvary
216620,Boyhood
216620,The Imitation Game
216620,The Big Short
151656,The Imitation Game
151656,Inside Out
207772,Gone Girl
207772,Big Hero 6
207772,Inside Out
62029,Inside Out
193061,The Imitation Game
193061,Inside Out
129638,Calvary
129638,Boyhood
129638,Gone Girl
129638,Force Majeure (Turist)
129638,Fury
129638,Leviathan
129638,The Imitation Game
129638,Inside Out
157437,The Imitation Game
229131,The Fault in Our Stars
34648,The Imitation Game
23766,Big Hero 6
47709,Inside Out
173090,Gone Girl
173090,Big Hero 6
173090,The Imitation Game
124165,The Imitation Game
12436,Big Hero 6
12436,Inside Out
4231,The Fault in Our Stars
4231,Boyhood
4231,Fury
4231,The Imitation Game
180682,Gone Girl
180682,The Imitation Game
174464,Transformers: Age of Extinction
174464,Teenage Mutant Ninja Turtles
245705,Fury
92485,Teenage Mutant Ninja Turtles
92485,Laggies
92806,Gone Girl
92806,Big Hero 6
66708,Fury
66708,Big Hero 6
66708,Inside Out
126790,Louis C.K.: Live at The Comedy Store
126790,Inside Out
126790,The Hunger Games: Mockingjay - Part 2
196152,Gone Girl
196152,The Imitation Game
196152,Inside Out
19071,Fury
19071,The Hunger Games: Mockingjay - Part 2
87514,Big Hero 6
87514,The Imitation Game
89099,Big Hero 6
119622,Gone Girl
194971,Gone Girl
194971,Magic in the Moonlight
194971,Fury
194971,The Imitation Game
194971,In the Heart of the Sea
24471,Inside Out
61726,Big Hero 6
61726,Inside Out
57367,Gone Girl
57367,Big Hero 6
57367,Leviathan
57367,The Imitation Game
192012,Gone Girl
192012,Big Hero 6
192012,The Imitation Game
192012,The Little Death
100316,The Fault in Our Stars
100316,Boyhood
100316,Gone Girl
100316,Fury
100316,Leviathan
100316,The Imitation Game
100316,Wild Tales
100316,Big Eyes
233915,The Imitation Game
25781,Gone Girl
116994,Dear White People
100888,Gone Girl
100888,The Imitation Game
141192,Boyhood
141192,Gone Girl
141192,Leviathan
141192,The Imitation Game
193654,Inside Out
130384,Big Hero 6
158208,The Fault in Our Stars
158208,Boyhood
158208,Gone Girl
158208,The Imitation Game
189096,Transformers: Age of Extinction
189096,Gone Girl
189096,Fury
189096,The Imitation Game
189096,Ascension
189096,Inside Out
189096,The Hunger Games: Mockingjay - Part 2
149340,Wild Tales
167210,Big Hero 6
179625,Boyhood
179625,Gone Girl
179625,The Imitation Game
179625,Inside Out
135513,Big Hero 6
227554,Gone Girl
124830,The Fault in Our Stars
124830,Boyhood
124830,Big Hero 6
124830,The Imitation Game
124830,Man Up
11426,The Imitation Game
36099,Fury
36099,Self/less
36099,American Ultra
244769,Boyhood
244769,Big Hero 6
158515,Transformers: Age of Extinction
210128,Big Hero 6
210128,The Imitation Game
195546,The Imitation Game
61945,The Imitation Game
26124,The Imitation Game
153433,Bad Asses on the Bayou
141510,The Imitation Game
141510,Louis C.K.: Live at The Comedy Store
90567,Big Hero 6
90567,Wild Tales
90567,Inside Out
128203,The Fault in Our Stars
128203,Gone Girl
36893,Big Hero 6
36893,The Imitation Game
70635,Gone Girl
193874,The Imitation Game
52612,Big Hero 6
106010,The Imitation Game
200446,Gone Girl
153346,The Imitation Game
64244,Gone Girl
64244,Fury
64244,The Imitation Game
64244,Inside Out
143932,Boyhood
143932,Gone Girl
143932,Inside Out
232320,The Fault in Our Stars
208272,Gone Girl
38449,Gone Girl
38449,The Imitation Game
199241,Boyhood
199715,Gone Girl
199715,The Imitation Game
12354,Boyhood
12354,Gone Girl
12354,Fury
12354,The Imitation Game
12354,Wild Tales
196710,Gone Girl
14902,Boyhood
14902,Big Hero 6
70985,Gone Girl
70985,Big Hero 6
70985,The Imitation Game
70985,Inside Out
168611,The Imitation Game
78095,Boyhood
78095,Gone Girl
78095,Big Hero 6
78095,The Imitation Game
78095,Inside Out
203083,The Voices
14164,Big Hero 6
14164,The Imitation Game
164263,Viy
164263,The Hunger Games: Mockingjay - Part 2
78308,Big Hero 6
78308,Inside Out
147824,Big Hero 6
147824,Before I Disappear
147824,Wild Tales
147824,A Walk in the Woods
182266,Gone Girl
182266,Big Hero 6
182266,Louis C.K.: Live at The Comedy Store
182266,Inside Out
102107,Transformers: Age of Extinction
102107,Gone Girl
102107,Teenage Mutant Ninja Turtles
232614,The Imitation Game
180826,Gone Girl
180826,Big Hero 6
180826,The Imitation Game
180826,Louis C.K.: Live at The Comedy Store
62389,Inside Out
84555,Big Hero 6
84555,Inside Out
175587,Inside Out
172916,Big Hero 6
233054,Transformers: Age of Extinction
233054,Gone Girl
233054,The Imitation Game
233054,Wild Tales
233054,Inside Out
133139,Inside Out
178377,Big Hero 6
178377,Inside Out
89068,Gone Girl
178408,Fury
226913,Inside Out
14588,Calvary
14588,Boyhood
14588,Transformers: Age of Extinction
14588,Gone Girl
14588,Laggies
14588,Fury
14588,Big Hero 6
14588,The Imitation Game
14588,The Voices
14588,Louis C.K.: Live at The Comedy Store
14588,Man Up
14588,Inside Out
14588,American Ultra
154994,Transformers: Age of Extinction
154994,Gone Girl
154994,Teenage Mutant Ninja Turtles
154994,Fury
243806,The Imitation Game
219618,Inside Out
7603,The Imitation Game
111138,The Imitation Game
37101,Big Hero 6
226605,Gone Girl
226605,The Imitation Game
111136,Gone Girl
243482,The Fault in Our Stars
243482,Boyhood
243482,Gone Girl
243482,Big Hero 6
243482,Annie
243482,Inside Out
216928,The Imitation Game
4208,Calvary
4208,The Fault in Our Stars
4208,Boyhood
4208,Transformers: Age of Extinction
4208,Gone Girl
4208,Magic in the Moonlight
4208,Force Majeure (Turist)
4208,Fury
4208,Big Hero 6
4208,The Imitation Game
4208,Gett: The Trial of Viviane Amsalem
4208,Wild Tales
4208,In the Heart of the Sea
4208,Listen Up Philip
4208,The Voices
4208,Ascension
4208,Louis C.K.: Live at The Comedy Store
4208,I'll See You in My Dreams
4208,The Humbling
4208,Outcast
4208,Inside Out
4208,Justice League: Gods and Monsters
4208,Best of Enemies
4208,American Ultra
4208,Steve Jobs: The Man in the Machine
4208,Time Out of Mind
4208,The Big Short
4208,Sisters
5767,Gone Girl
5767,The Little Death
238755,Boyhood
238755,The Divine Move
238755,Louis C.K.: Live at The Comedy Store
197148,Big Hero 6
197148,The Imitation Game
213606,Boyhood
213606,Gone Girl
170755,Transformers: Age of Extinction
170755,Big Hero 6
197145,Gone Girl
72573,The Imitation Game
72573,Inside Out
224196,Transformers: Age of Extinction
55096,The Fault in Our Stars
55096,Transformers: Age of Extinction
55096,Teenage Mutant Ninja Turtles
55096,Fury
55096,Big Hero 6
55096,The Imitation Game
55096,Louis C.K.: Live at The Comedy Store
55096,The Big Short
77504,Inside Out
136254,Gone Girl
140032,Gone Girl
140032,Big Hero 6
140032,Inside Out
184307,The Fault in Our Stars
184307,Boyhood
184307,Gone Girl
184307,Fury
206129,The Fault in Our Stars
206129,Boyhood
206129,Gone Girl
206129,Magic in the Moonlight
206129,Fury
206129,Big Hero 6
206129,The Imitation Game
206129,Annie
206129,Inside Out
206129,The Hunger Games: Mockingjay - Part 2
206129,The Big Short
51436,Gone Girl
51436,The Imitation Game
95915,Gone Girl
95915,The Imitation Game
126898,The Fault in Our Stars
174988,Louis C.K.: Live at The Comedy Store
171801,Transformers: Age of Extinction
171801,Gone Girl
171801,Fury
171801,Big Hero 6
171801,The Imitation Game
171801,Big Eyes
171801,Inside Out
73352,Boyhood
73352,Gone Girl
73352,Fury
73352,Big Hero 6
73352,The Imitation Game
73352,Inside Out
215987,The Fault in Our Stars
215987,Boyhood
215987,Gone Girl
215987,No No: A Dockumentary
108031,The Imitation Game
119738,The Imitation Game
119738,Inside Out
119738,The Hunger Games: Mockingjay - Part 2
27240,The Imitation Game
205020,Gone Girl
205020,Big Hero 6
205020,In the Heart of the Sea
205020,The Big Short
82649,The Imitation Game
82649,Louis C.K.: Live at The Comedy Store
82649,Inside Out
240896,Inside Out
50601,The Fault in Our Stars
50601,Boyhood
50601,Transformers: Age of Extinction
50601,Fury
50601,Big Hero 6
50601,The Imitation Game
50601,Aziz Ansari: Live at Madison Square Garden
28666,Transformers: Age of Extinction
28666,Fury
69285,Inside Out
56703,The Imitation Game
60390,Gone Girl
60390,Laggies
94246,Big Hero 6
94246,The Imitation Game
245978,Gone Girl
245978,Teenage Mutant Ninja Turtles
245978,The Imitation Game
244116,The Fault in Our Stars
244116,Boyhood
244116,Gone Girl
244116,In Order of Disappearance (Kraftidioten)
244116,Teenage Mutant Ninja Turtles
244116,Force Majeure (Turist)
244116,Fury
244116,Big Hero 6
244116,The Imitation Game
244116,Wild Tales
244116,Inside Out
244116,The Hunger Games: Mockingjay - Part 2
140741,Boyhood
140741,Gone Girl
140741,The Imitation Game
27332,Calvary
27332,Boyhood
27332,Gone Girl
27332,Fury
27332,Big Hero 6
27332,The Imitation Game
27332,Wild Tales
17451,Gone Girl
17451,Fury
17451,The Imitation Game
17451,Inside Out
135254,Gone Girl
135254,Fury
135254,Big Hero 6
135254,Inside Out
56012,Gone Girl
56012,The Imitation Game
56012,Louis C.K.: Live at The Comedy Store
182250,Fury
46770,The Fault in Our Stars
46770,Gone Girl
43650,Magic Mike XXL
204770,Boyhood
204770,Big Hero 6
99804,The Imitation Game
173988,Big Hero 6
173988,The Imitation Game
173988,Inside Out
190266,Gone Girl
190266,The Imitation Game
172056,Inside Out
246994,Boyhood
246994,Gone Girl
52609,Gone Girl
52609,The Imitation Game
52609,Inside Out
247138,Big Hero 6
247138,Inside Out
237212,Gone Girl
237212,Sisters
128655,Boyhood
128655,Gone Girl
4588,Boyhood
4588,Gone Girl
61096,Big Hero 6
142198,The Hunger Games: Mockingjay - Part 2
208331,Gone Girl
208331,The Imitation Game
208331,Inside Out
84781,The Imitation Game
27884,Gone Girl
27881,Exposed
95625,The Imitation Game
42873,Big Hero 6
42873,The Imitation Game
42873,Inside Out
20855,Magic in the Moonlight
20855,Laggies
20855,The Imitation Game
20855,Dum Laga Ke Haisha
20855,Daawat-e-Ishq
71268,The Fault in Our Stars
71268,Boyhood
71268,Gone Girl
71268,Big Hero 6
71268,The Imitation Game
71268,Inside Out
71268,The Hunger Games: Mockingjay - Part 2
210825,Inside Out
716,Gone Girl
716,Big Hero 6
716,The Imitation Game
716,The Big Short
29851,The Imitation Game
112997,Big Hero 6
112997,Inside Out
17915,Boyhood
17915,Gone Girl
17915,The Imitation Game
59650,The Imitation Game
237363,Gone Girl
237363,The Imitation Game
150186,Calvary
150186,Boyhood
150186,Gone Girl
150186,Wild Tales
150186,Inside Out
208473,Boyhood
208473,Gone Girl
208473,Fury
208473,Big Hero 6
208473,Leviathan
208473,The Imitation Game
208473,Wild Tales
208473,Far from Men
208473,Inside Out
176934,Boyhood
243126,The Imitation Game
243657,Boyhood
243657,Inside Out
6592,Boyhood
6592,The Imitation Game
33830,The Imitation Game
15530,The Fault in Our Stars
242297,Transformers: Age of Extinction
115516,The Fault in Our Stars
115516,Big Hero 6
115516,The Imitation Game
115516,Inside Out
115516,Self/less
133894,Gone Girl
133894,The Hunger Games: Mockingjay - Part 2
5415,Boyhood
5415,Big Hero 6
5415,The Imitation Game
197036,Gone Girl
136734,Big Hero 6
136734,The Imitation Game
136734,Inside Out
68551,The Fault in Our Stars
68551,Boyhood
68551,Gone Girl
68551,The Imitation Game
115171,Boyhood
115171,Gone Girl
115171,The Imitation Game
31418,Gone Girl
31418,The Imitation Game
31418,Inside Out
185316,Gone Girl
185316,Inside Out
44867,Gone Girl
44867,Big Hero 6
44867,Inside Out
66271,Gone Girl
66271,Fury
66271,The Imitation Game
151584,Boyhood
151584,Gone Girl
151584,The Imitation Game
151584,Wild Tales
151584,Wanderers
151584,Louis C.K.: Live at The Comedy Store
147652,Boyhood
147652,Gone Girl
147652,Fury
147652,Big Hero 6
109480,Inside Out
21326,Gone Girl
21326,The Imitation Game
171163,The Imitation Game
171163,Inside Out
158048,The Fault in Our Stars
158048,Gone Girl
158048,Fury
158048,The Imitation Game
158048,The Hunger Games: Mockingjay - Part 2
28815,Copenhagen
74997,The Imitation Game
117731,Calvary
117731,Boyhood
117731,Gone Girl
144276,Louis C.K.: Live at The Comedy Store
188300,The Imitation Game
165433,Big Hero 6
50123,Fury
50123,The Voices
50123,The Little Death
55397,Big Hero 6
122751,The Imitation Game
188786,Inside Out
244560,The Imitation Game
114005,The Imitation Game
111500,Gone Girl
111500,Fury
111500,The Imitation Game
111500,Steve Jobs: The Man in the Machine
127849,Gone Girl
77159,Mr. Peabody & Sherman
77159,Gone Girl
77159,Louis C.K.: Live at The Comedy Store
77159,Inside Out
155352,Gone Girl
155352,The Imitation Game
155354,The Imitation Game
233266,Calvary
233266,Boyhood
233266,Transformers: Age of Extinction
233266,Magic in the Moonlight
233266,In Order of Disappearance (Kraftidioten)
233266,Force Majeure (Turist)
233266,In No Great Hurry: 13 Lessons in Life with Saul Leiter
231649,The Imitation Game
50633,Gone Girl
50633,Fury
50633,The Imitation Game
3967,Boyhood
3967,Gone Girl
69458,Gone Girl
69458,The Imitation Game
69458,Wild Tales
3962,Calvary
3962,Boyhood
3962,Gone Girl
3962,Fury
3962,Big Hero 6
3962,The Imitation Game
3962,Inside Out
197808,The Imitation Game
214028,Boyhood
214028,Gone Girl
214028,The Imitation Game
165943,Gone Girl
165943,Big Hero 6
165943,Wild Tales
165943,Louis C.K.: Live at The Comedy Store
165943,Inside Out
165943,Self/less
165943,American Ultra
75806,Gone Girl
75806,Big Hero 6
75806,The Imitation Game
74289,Big Hero 6
74289,The Imitation Game
74289,Inside Out
105122,Big Hero 6
105122,The Imitation Game
69633,Magic in the Moonlight
69633,Inside Out
128828,The Fault in Our Stars
128828,Gone Girl
128828,The Imitation Game
201265,Gone Girl
201265,Fury
16997,The Imitation Game
135247,Big Hero 6
57532,The Little Death
57532,Faith of Our Fathers
240282,Gone Girl
240282,The Imitation Game
184893,Mr. Peabody & Sherman
184893,Gone Girl
184893,Fury
184893,Big Hero 6
184893,The Imitation Game
184893,Self/less
79915,Transformers: Age of Extinction
79915,Fury
79915,The Imitation Game
79915,Inside Out
79910,Boyhood
79910,The Imitation Game
150728,Gone Girl
139364,Big Hero 6
118077,Gone Girl
118077,The Imitation Game
17264,Boyhood
42065,The Imitation Game
204760,Big Hero 6
204760,The Imitation Game
204760,Inside Out
122644,Louis C.K.: Live at The Comedy Store
96839,The Imitation Game
139389,The Imitation Game
124767,Louis C.K.: Live at The Comedy Store
124767,Inside Out
191073,Fury
191073,The Imitation Game
246983,Big Hero 6
54858,The Fault in Our Stars
54858,Gone Girl
54858,The Imitation Game
54858,Inside Out
211617,Gone Girl
211617,Copenhagen
211617,Inside Out
208214,The Imitation Game
102901,The Fault in Our Stars
210586,The Imitation Game
210968,The Fault in Our Stars
210968,Louis C.K.: Live at The Comedy Store
179723,Gone Girl
179723,Big Hero 6
179723,The Imitation Game
204233,Louis C.K.: Live at The Comedy Store
204233,Inside Out
59860,Fury
143831,Gone Girl
143831,The Imitation Game
42841,Big Hero 6
42841,The Imitation Game
42841,Wild Tales
42841,Inside Out
34837,Inside Out
99074,Gone Girl
99074,The Imitation Game
18805,The Fault in Our Stars
18805,Boyhood
18805,The Imitation Game
18805,Wild Tales
18805,Inside Out
40926,Boyhood
40926,Gone Girl
40926,Big Hero 6
40926,The Imitation Game
176632,Inside Out
182010,Gone Girl
182010,Louis C.K.: Live at The Comedy Store
7258,Inside Out
4484,Inside Out
236773,Gone Girl
236773,The Imitation Game
38717,Inside Out
41641,Gone Girl
41641,The Voices
41641,Inside Out
41641,The Hunger Games: Mockingjay - Part 2
198332,Gone Girl
167831,The Fault in Our Stars
79123,The Imitation Game
79123,Wild Tales
79123,Louis C.K.: Live at The Comedy Store
79123,Inside Out
171229,Gone Girl
171229,The Imitation Game
79129,Magic in the Moonlight
79129,The Imitation Game
142239,Big Hero 6
142239,The Imitation Game
142239,Inside Out
9444,Boyhood
9444,Gone Girl
9444,The Imitation Game
237953,Big Hero 6
237953,Inside Out
233657,Bad Country
156861,Big Hero 6
169472,Big Hero 6
146820,Inside Out
17873,Gone Girl
41734,Gone Girl
41733,Jim Gaffigan: Obsessed
41733,Louis C.K.: Live at The Comedy Store
41733,Inside Out
41733,Justice League: Gods and Monsters
20227,Gone Girl
20227,The Imitation Game
20227,Wild Tales
174077,The Fault in Our Stars
174077,Big Hero 6
174077,The Imitation Game
243737,Gone Girl
243737,Inside Out
175674,Big Hero 6
175674,Inside Out
147486,The Imitation Game
171575,The Fault in Our Stars
171575,Transformers: Age of Extinction
147660,Gone Girl
147660,Big Hero 6
147660,The Imitation Game
147660,Wild Tales
147660,Louis C.K.: Live at The Comedy Store
147660,Inside Out
126638,Gone Girl
115238,Magic in the Moonlight
170083,Gone Girl
170083,Inside Out
169074,Camp Belvidere
86172,Gone Girl
86172,Force Majeure (Turist)
86172,Big Eyes
132287,Boyhood
132287,Transformers: Age of Extinction
132287,Teenage Mutant Ninja Turtles
132287,Big Hero 6
132287,The Imitation Game
132287,Man Up
132287,Inside Out
132287,Magic Mike XXL
1503,Big Hero 6
1503,Inside Out
115527,Gone Girl
115527,Big Hero 6
115527,The Imitation Game
156006,Gone Girl
156006,Big Hero 6
156006,The Imitation Game
156006,Annie
156006,Inside Out
156006,The Hunger Games: Mockingjay - Part 2
222902,Gone Girl
47173,The Fault in Our Stars
47173,Boyhood
47173,Gone Girl
66750,The Imitation Game
189228,The Imitation Game
139205,Mr. Peabody & Sherman
139205,Calvary
139205,Boyhood
139205,Big Hero 6
139205,The Imitation Game
139205,Wild Tales
131820,Boyhood
131820,Force Majeure (Turist)
131820,The Imitation Game
131820,Wild Tales
131820,Big Eyes
131820,Inside Out
131820,The Big Short
109637,Gone Girl
238426,The Imitation Game
132022,The Imitation Game
132022,Inside Out
132751,Calvary
132751,Transformers: Age of Extinction
132751,Gone Girl
132751,Magic in the Moonlight
132751,Teenage Mutant Ninja Turtles
132751,Exists
132751,Laggies
132751,Fury
132751,The Imitation Game
132751,In the Heart of the Sea
132751,The Voices
132751,Grace
132751,The Divine Move
132751,Unexpected
132751,Wild Card
132751,Demonic
132751,About Alex
132751,Gangster Payday
132751,Man Up
132751,Self/less
132751,Final Girl
132751,Skin Trade
132751,The Vatican Tapes
132751,Sinister 2
132751,American Ultra
132751,Break Point
132751,Preggoland
132751,The Christmas Secret
206452,Gone Girl
206452,Teenage Mutant Ninja Turtles
206452,The Imitation Game
206452,Wild Tales
28172,Big Hero 6
28172,The Imitation Game
28172,Inside Out
105876,The Imitation Game
35964,Gone Girl
35964,Fury
35964,The Imitation Game
35964,400 Days
183699,Gone Girl
183699,The Imitation Game
28959,The Imitation Game
24427,Fury
24427,Big Hero 6
24427,The Imitation Game
24427,Inside Out
32210,Gone Girl
32210,Fury
200850,Transformers: Age of Extinction
189132,Inside Out
230758,Boyhood
230758,Gone Girl
230758,Big Hero 6
230758,The Imitation Game
181327,Big Hero 6
181327,The Imitation Game
13710,Boyhood
13710,Big Eyes
92079,Big Hero 6
92853,Gone Girl
241656,Boyhood
87948,Boyhood
87948,Gone Girl
240700,Calvary
240700,Transformers: Age of Extinction
240700,Fury
124789,Gone Girl
124789,The Imitation Game
124789,Inside Out
120106,Cruel & Unusual
145136,Boyhood
192190,Gone Girl
192190,The Imitation Game
172486,The Imitation Game
172486,Inside Out
65387,Gone Girl
65387,National Gallery
97790,Big Hero 6
97790,Inside Out
46622,Gone Girl
46622,The Imitation Game
104601,Gone Girl
195575,Inside Out
219962,Gone Girl
17675,The Imitation Game
17675,Inside Out
173452,The Fault in Our Stars
173452,Teenage Mutant Ninja Turtles
173452,Big Hero 6
90516,Boyhood
90516,The Imitation Game
74146,Man Up
74146,Inside Out
128254,The Imitation Game
158526,Big Hero 6
158526,Inside Out
4904,Gone Girl
235725,Gone Girl
64275,The Imitation Game
48347,The Imitation Game
123,Big Hero 6
123,The Imitation Game
128,Gone Girl
128,Big Hero 6
128,The Imitation Game
84141,Gone Girl
84141,Teenage Mutant Ninja Turtles
84141,Big Hero 6
84141,Leviathan
84141,The Imitation Game
84141,Louis C.K.: Live at The Comedy Store
84141,Inside Out
211373,Calvary
211373,Boyhood
211373,Gone Girl
211373,Big Hero 6
211373,The Imitation Game
211373,Inside Out
203631,Transformers: Age of Extinction
203631,Inside Out
63487,The Imitation Game
63487,Inside Out
12145,Big Hero 6
12145,Inside Out
242278,Transformers: Age of Extinction
190627,Gone Girl
190627,Fury
190627,The Imitation Game
190627,Louis C.K.: Live at The Comedy Store
122188,Boyhood
122188,The Imitation Game
122188,Inside Out
45040,The Imitation Game
125358,Gone Girl
68398,Gone Girl
68398,Big Hero 6
68398,The Imitation Game
68398,Big Eyes
87301,Big Hero 6
87301,The Imitation Game
87301,Inside Out
38525,The Imitation Game
168487,The Imitation Game
168487,Inside Out
175118,Gone Girl
54931,Big Hero 6
13387,Inside Out
13385,The Imitation Game
36040,The Fault in Our Stars
36040,Boyhood
36040,The Best of Me
36040,Big Hero 6
36040,Annie
168240,The Fault in Our Stars
168240,Boyhood
168240,Gone Girl
168240,The Imitation Game
168240,Big Eyes
168240,Ascension
168240,The Little Death
168240,She's Funny That Way
168240,Inside Out
168240,The Hunger Games: Mockingjay - Part 2
168240,Self/less
169664,Gone Girl
169664,The Imitation Game
59679,The Imitation Game
59679,Inside Out
62199,The Imitation Game
222028,Inside Out
20439,Gone Girl
20439,Fury
63226,Gone Girl
63226,The Imitation Game
246246,Mr. Peabody & Sherman
219173,Big Hero 6
57854,Fury
164891,The Imitation Game
164891,The Hunger Games: Mockingjay - Part 2
164541,Inside Out
40611,Boyhood
40611,Gone Girl
40611,Big Hero 6
40611,The Imitation Game
40611,Inside Out
40611,The Hunger Games: Mockingjay - Part 2
59455,Gone Girl
59455,The Imitation Game
108555,The Imitation Game
231534,The Imitation Game
231534,Wild Tales
231534,Inside Out
8215,Boyhood
8215,Gone Girl
83074,Gone Girl
83074,The Imitation Game
67725,The Imitation Game
67725,Inside Out
8740,The Imitation Game
24214,Boyhood
24214,Gone Girl
24214,Big Hero 6
24214,The Imitation Game
7657,Big Hero 6
7657,The Imitation Game
12966,Gone Girl
12966,Big Hero 6
12966,The Imitation Game
112880,Transformers: Age of Extinction
112880,Gone Girl
112880,Fury
112880,Big Hero 6
112880,The Imitation Game
112880,About Alex
112880,Inside Out
143790,The Imitation Game
143790,Louis C.K.: Live at The Comedy Store
143790,Inside Out
143790,Steve Jobs: The Man in the Machine
143790,Welcome to Leith
179897,Gone Girl
179897,Big Hero 6
179897,The Imitation Game
179897,Inside Out
13961,Inside Out
129692,Gone Girl
129692,The Imitation Game
126624,Boyhood
126624,Gone Girl
178059,Inside Out
239650,Gone Girl
239650,The Imitation Game
224672,Gone Girl
224672,Magic in the Moonlight
224672,The Imitation Game
241881,The Imitation Game
241881,Inside Out
241885,Gone Girl
241885,Fury
241885,The Imitation Game
15466,Boyhood
28304,The Fault in Our Stars
91314,Big Hero 6
25851,The Fault in Our Stars
25851,Gone Girl
31250,Gone Girl
216223,Gone Girl
216223,Laggies
216223,The Imitation Game
216223,Wild Tales
216223,She's Funny That Way
143202,The Imitation Game
207848,Big Hero 6
207848,The Imitation Game
207848,Inside Out
207848,The Hunger Games: Mockingjay - Part 2
131587,The Hunger Games: Mockingjay - Part 2
77397,Gone Girl
89562,Boyhood
89562,Gone Girl
89562,The Hunger Games: Mockingjay - Part 2
89562,Sisters
72725,Mr. Peabody & Sherman
72725,Boyhood
72725,Gone Girl
72725,Big Hero 6
72725,The Imitation Game
72725,Wild Tales
72725,Inside Out
89294,Teenage Mutant Ninja Turtles
39204,V/H/S: Viral
222806,Big Hero 6
222806,The Imitation Game
221353,Gone Girl
206486,Transformers: Age of Extinction
206486,Fury
206486,Louis C.K.: Live at The Comedy Store
180358,Gone Girl
180358,The Imitation Game
112910,Big Hero 6
241263,The Fault in Our Stars
241263,Boyhood
241263,Magic in the Moonlight
77174,Inside Out
120662,The Fault in Our Stars
120662,Big Hero 6
231669,Gone Girl
231669,Big Hero 6
231669,Inside Out
101773,Gone Girl
181594,Gone Girl
181594,Inside Out
245522,Inside Out
127466,Inside Out
359,Big Hero 6
359,The Imitation Game
153764,Boyhood
153764,Inside Out
150148,Boyhood
150148,Gone Girl
150148,The Imitation Game
150148,Wild Tales
241462,Gone Girl
75555,Boyhood
75555,Gone Girl
75555,Big Hero 6
75555,The Imitation Game
27365,Boyhood
46106,Boyhood
43402,Gone Girl
43402,The Imitation Game
43402,Inside Out
77773,The Imitation Game
201282,Gone Girl
201282,Big Hero 6
45835,Big Hero 6
98657,Gone Girl
98657,Fury
220423,Louis C.K.: Live at The Comedy Store
220423,Inside Out
220423,The Big Short
227330,Big Hero 6
227330,The Imitation Game
227330,Inside Out
227330,The Hunger Games: Mockingjay - Part 2
162393,The Imitation Game
162393,Inside Out
130073,Big Hero 6
130072,Big Hero 6
61988,Gone Girl
99876,Boyhood
99876,Gone Girl
179179,The Imitation Game
179179,Inside Out
162485,Big Hero 6
162485,The Imitation Game
87222,Big Hero 6
87222,Inside Out
134513,The Imitation Game
191052,Calvary
191052,Gone Girl
191052,Fury
191052,Big Hero 6
191052,The Imitation Game
191052,Inside Out
166929,Inside Out
63031,Gone Girl
63031,The Imitation Game
198624,The Hunger Games: Mockingjay - Part 2
2788,Gone Girl
2788,Big Hero 6
2788,The Imitation Game
244161,Copenhagen
124349,Boyhood
124349,Gone Girl
124349,The Imitation Game
124349,The Hunger Games: Mockingjay - Part 2
54545,Inside Out
70707,Gone Girl
70707,Fury
122196,Gone Girl
125182,Boyhood
125182,Gone Girl
125182,Laggies
125182,Louis C.K.: Live at The Comedy Store
125182,Merchants of Doubt
125182,About Alex
125182,No No: A Dockumentary
125182,The Price of Gold
125182,Best of Enemies
125182,Steve Jobs: The Man in the Machine
125182,The Big Short
121408,The Fault in Our Stars
121408,Gone Girl
121408,The Imitation Game
3508,The Fault in Our Stars
3508,Gone Girl
3508,Magic in the Moonlight
3508,Fury
3508,Big Hero 6
3508,Wild Tales
3508,Inside Out
3508,Self/less
13399,Boyhood
13399,Transformers: Age of Extinction
13399,Gone Girl
97686,Gone Girl
97686,Magic in the Moonlight
97686,Fury
97686,Leviathan
97686,The Imitation Game
122282,The Hunger Games: Mockingjay - Part 2
176875,Boyhood
102147,Inside Out
246256,Gone Girl
246256,The Imitation Game
65892,Gone Girl
71654,Big Hero 6
109543,Fury
109543,The Imitation Game
115786,Boyhood
115786,Gone Girl
115786,Magic in the Moonlight
115786,The Imitation Game
14703,Turks & Caicos
14703,Magic in the Moonlight
14703,Laggies
14703,The Imitation Game
14703,Inside Out
14703,American Ultra
14703,The Big Short
62076,The Fault in Our Stars
62076,Boyhood
62076,Gone Girl
62076,Fury
62076,Big Hero 6
62076,The Imitation Game
62076,She's Funny That Way
62076,Inside Out
70922,Gone Girl
183219,Big Hero 6
183219,The Imitation Game
183219,Inside Out
29559,Gone Girl
115323,Gone Girl
115323,Big Hero 6
115323,The Imitation Game
218549,Gone Girl
218549,Big Hero 6
218549,The Imitation Game
218549,Inside Out
23532,The Imitation Game
23534,Teenage Mutant Ninja Turtles
23534,Fury
23534,The Imitation Game
23534,In the Heart of the Sea
23534,Big Eyes
23534,She's Funny That Way
23534,Self/less
132133,Inside Out
171553,Gone Girl
171553,The Imitation Game
126615,Louis C.K.: Live at The Comedy Store
47999,Gone Girl
47999,Inside Out
47999,The Big Short
123157,The Imitation Game
178842,Gone Girl
178842,The Imitation Game
180630,Gone Girl
180630,The Imitation Game
50734,The Imitation Game
38348,Dum Laga Ke Haisha
46,The Imitation Game
86759,Big Hero 6
86758,The Imitation Game
86758,Louis C.K.: Live at The Comedy Store
86758,Self/less
86758,Magic Mike XXL
108127,Fury
108127,Big Hero 6
108127,Copenhagen
108127,The Imitation Game
108127,Dum Laga Ke Haisha
77949,Boyhood
77949,Inside Out
77949,The Hunger Games: Mockingjay - Part 2
216256,The Hunger Games: Mockingjay - Part 2
216257,Big Hero 6
216257,The Imitation Game
216257,Inside Out
15273,Boyhood
15273,Gone Girl
15273,The Imitation Game
76891,Calvary
76891,Boyhood
76891,Gone Girl
76891,Force Majeure (Turist)
76891,Fury
76891,Leviathan
76891,The Imitation Game
76891,Louis C.K.: Live at The Comedy Store
47351,Gone Girl
47351,Teenage Mutant Ninja Turtles
47351,The Imitation Game
47351,Inside Out
47351,The Hunger Games: Mockingjay - Part 2
76895,Gone Girl
76895,Fury
76895,Big Hero 6
76895,The Imitation Game
76895,Inside Out
225664,Big Hero 6
225664,Inside Out
25938,Gone Girl
25938,Inside Out
228231,Big Hero 6
228231,Louis C.K.: Live at The Comedy Store
228231,Inside Out
180743,Gone Girl
180743,Big Hero 6
180743,The Imitation Game
206673,Gone Girl
206673,Big Hero 6
206673,The Imitation Game
242791,The Imitation Game